ID,Name,Category,Price,Rating,Image,Description
1,Essence Mascara Lash Princess,Beauty,799,2.56,https://cdn.dummyjson.com/product-images/beauty/essence-mascara-lash-princess/thumbnail.webp,The Essence Mascara Lash Princess is a popular mascara known for its volumizing and lengthening effects. Achieve dramatic lashes with this long-lasting and cruelty-free formula.
2,Eyeshadow Palette with Mirror,Beauty,1599,2.86,https://cdn.dummyjson.com/product-images/beauty/eyeshadow-palette-with-mirror/thumbnail.webp,"The Eyeshadow Palette with Mirror offers a versatile range of eyeshadow shades for creating stunning eye looks. With a built-in mirror, it's convenient for on-the-go makeup application."
3,Powder Canister,Beauty,1199,4.64,https://cdn.dummyjson.com/product-images/beauty/powder-canister/thumbnail.webp,"The Powder Canister is a finely milled setting powder designed to set makeup and control shine. With a lightweight and translucent formula, it provides a smooth and matte finish."
4,Red Lipstick,Beauty,1039,4.36,https://cdn.dummyjson.com/product-images/beauty/red-lipstick/thumbnail.webp,"The Red Lipstick is a classic and bold choice for adding a pop of color to your lips. With a creamy and pigmented formula, it provides a vibrant and long-lasting finish."
5,Red Nail Polish,Beauty,719,4.32,https://cdn.dummyjson.com/product-images/beauty/red-nail-polish/thumbnail.webp,"The Red Nail Polish offers a rich and glossy red hue for vibrant and polished nails. With a quick-drying formula, it provides a salon-quality finish at home."
6,Calvin Klein CK One,Fragrances,3999,4.37,https://cdn.dummyjson.com/product-images/fragrances/calvin-klein-ck-one/thumbnail.webp,"CK One by Calvin Klein is a classic unisex fragrance, known for its fresh and clean scent. It's a versatile fragrance suitable for everyday wear."
7,Chanel Coco Noir Eau De,Fragrances,10399,4.26,https://cdn.dummyjson.com/product-images/fragrances/chanel-coco-noir-eau-de/thumbnail.webp,"Coco Noir by Chanel is an elegant and mysterious fragrance, featuring notes of grapefruit, rose, and sandalwood. Perfect for evening occasions."
8,Dior J'adore,Fragrances,7199,3.8,https://cdn.dummyjson.com/product-images/fragrances/dior-j'adore/thumbnail.webp,"J'adore by Dior is a luxurious and floral fragrance, known for its blend of ylang-ylang, rose, and jasmine. It embodies femininity and sophistication."
9,Dolce Shine Eau de,Fragrances,5599,3.96,https://cdn.dummyjson.com/product-images/fragrances/dolce-shine-eau-de/thumbnail.webp,"Dolce Shine by Dolce & Gabbana is a vibrant and fruity fragrance, featuring notes of mango, jasmine, and blonde woods. It's a joyful and youthful scent."
10,Gucci Bloom Eau de,Fragrances,6399,2.74,https://cdn.dummyjson.com/product-images/fragrances/gucci-bloom-eau-de/thumbnail.webp,"Gucci Bloom by Gucci is a floral and captivating fragrance, with notes of tuberose, jasmine, and Rangoon creeper. It's a modern and romantic scent."
11,Annibale Colombo Bed,Furniture,151999,4.77,https://cdn.dummyjson.com/product-images/furniture/annibale-colombo-bed/thumbnail.webp,"The Annibale Colombo Bed is a luxurious and elegant bed frame, crafted with high-quality materials for a comfortable and stylish bedroom."
12,Annibale Colombo Sofa,Furniture,199999,3.92,https://cdn.dummyjson.com/product-images/furniture/annibale-colombo-sofa/thumbnail.webp,"The Annibale Colombo Sofa is a sophisticated and comfortable seating option, featuring exquisite design and premium upholstery for your living room."
13,Bedside Table African Cherry,Furniture,23999,2.87,https://cdn.dummyjson.com/product-images/furniture/bedside-table-african-cherry/thumbnail.webp,"The Bedside Table in African Cherry is a stylish and functional addition to your bedroom, providing convenient storage space and a touch of elegance."
14,Knoll Saarinen Executive Conference Chair,Furniture,39999,4.88,https://cdn.dummyjson.com/product-images/furniture/knoll-saarinen-executive-conference-chair/thumbnail.webp,"The Knoll Saarinen Executive Conference Chair is a modern and ergonomic chair, perfect for your office or conference room with its timeless design."
15,Wooden Bathroom Sink With Mirror,Furniture,63999,3.59,https://cdn.dummyjson.com/product-images/furniture/wooden-bathroom-sink-with-mirror/thumbnail.webp,"The Wooden Bathroom Sink with Mirror is a unique and stylish addition to your bathroom, featuring a wooden sink countertop and a matching mirror."
16,Apple,Groceries,159,4.19,https://cdn.dummyjson.com/product-images/groceries/apple/thumbnail.webp,"Fresh and crisp apples, perfect for snacking or incorporating into various recipes."
17,Beef Steak,Groceries,1039,4.47,https://cdn.dummyjson.com/product-images/groceries/beef-steak/thumbnail.webp,"High-quality beef steak, great for grilling or cooking to your preferred level of doneness."
18,Cat Food,Groceries,719,3.13,https://cdn.dummyjson.com/product-images/groceries/cat-food/thumbnail.webp,Nutritious cat food formulated to meet the dietary needs of your feline friend.
19,Chicken Meat,Groceries,799,3.19,https://cdn.dummyjson.com/product-images/groceries/chicken-meat/thumbnail.webp,"Fresh and tender chicken meat, suitable for various culinary preparations."
20,Cooking Oil,Groceries,399,4.8,https://cdn.dummyjson.com/product-images/groceries/cooking-oil/thumbnail.webp,"Versatile cooking oil suitable for frying, sautéing, and various culinary applications."
21,Cucumber,Groceries,119,4.07,https://cdn.dummyjson.com/product-images/groceries/cucumber/thumbnail.webp,"Crisp and hydrating cucumbers, ideal for salads, snacks, or as a refreshing side."
22,Dog Food,Groceries,879,4.55,https://cdn.dummyjson.com/product-images/groceries/dog-food/thumbnail.webp,Specially formulated dog food designed to provide essential nutrients for your canine companion.
23,Eggs,Groceries,239,2.53,https://cdn.dummyjson.com/product-images/groceries/eggs/thumbnail.webp,"Fresh eggs, a versatile ingredient for baking, cooking, or breakfast."
24,Fish Steak,Groceries,1199,3.78,https://cdn.dummyjson.com/product-images/groceries/fish-steak/thumbnail.webp,"Quality fish steak, suitable for grilling, baking, or pan-searing."
25,Green Bell Pepper,Groceries,103,3.25,https://cdn.dummyjson.com/product-images/groceries/green-bell-pepper/thumbnail.webp,"Fresh and vibrant green bell pepper, perfect for adding color and flavor to your dishes."
26,Green Chili Pepper,Groceries,79,3.66,https://cdn.dummyjson.com/product-images/groceries/green-chili-pepper/thumbnail.webp,"Spicy green chili pepper, ideal for adding heat to your favorite recipes."
27,Honey Jar,Groceries,559,3.97,https://cdn.dummyjson.com/product-images/groceries/honey-jar/thumbnail.webp,"Pure and natural honey in a convenient jar, perfect for sweetening beverages or drizzling over food."
28,Ice Cream,Groceries,439,3.39,https://cdn.dummyjson.com/product-images/groceries/ice-cream/thumbnail.webp,"Creamy and delicious ice cream, available in various flavors for a delightful treat."
29,Juice,Groceries,319,3.94,https://cdn.dummyjson.com/product-images/groceries/juice/thumbnail.webp,"Refreshing fruit juice, packed with vitamins and great for staying hydrated."
30,Kiwi,Groceries,199,4.93,https://cdn.dummyjson.com/product-images/groceries/kiwi/thumbnail.webp,"Nutrient-rich kiwi, perfect for snacking or adding a tropical twist to your dishes."
31,Lemon,Groceries,63,3.53,https://cdn.dummyjson.com/product-images/groceries/lemon/thumbnail.webp,"Zesty and tangy lemons, versatile for cooking, baking, or making refreshing beverages."
32,Milk,Groceries,279,2.61,https://cdn.dummyjson.com/product-images/groceries/milk/thumbnail.webp,"Fresh and nutritious milk, a staple for various recipes and daily consumption."
33,Mulberry,Groceries,399,4.95,https://cdn.dummyjson.com/product-images/groceries/mulberry/thumbnail.webp,"Sweet and juicy mulberries, perfect for snacking or adding to desserts and cereals."
34,Nescafe Coffee,Groceries,639,4.82,https://cdn.dummyjson.com/product-images/groceries/nescafe-coffee/thumbnail.webp,"Quality coffee from Nescafe, available in various blends for a rich and satisfying cup."
35,Potatoes,Groceries,183,4.81,https://cdn.dummyjson.com/product-images/groceries/potatoes/thumbnail.webp,"Versatile and starchy potatoes, great for roasting, mashing, or as a side dish."
36,Protein Powder,Groceries,1599,4.18,https://cdn.dummyjson.com/product-images/groceries/protein-powder/thumbnail.webp,"Nutrient-packed protein powder, ideal for supplementing your diet with essential proteins."
37,Red Onions,Groceries,159,4.2,https://cdn.dummyjson.com/product-images/groceries/red-onions/thumbnail.webp,"Flavorful and aromatic red onions, perfect for adding depth to your savory dishes."
38,Rice,Groceries,479,3.18,https://cdn.dummyjson.com/product-images/groceries/rice/thumbnail.webp,"High-quality rice, a staple for various cuisines and a versatile base for many dishes."
39,Soft Drinks,Groceries,159,4.75,https://cdn.dummyjson.com/product-images/groceries/soft-drinks/thumbnail.webp,"Assorted soft drinks in various flavors, perfect for refreshing beverages."
40,Strawberry,Groceries,319,3.08,https://cdn.dummyjson.com/product-images/groceries/strawberry/thumbnail.webp,"Sweet and succulent strawberries, great for snacking, desserts, or blending into smoothies."
41,Tissue Paper Box,Groceries,199,2.69,https://cdn.dummyjson.com/product-images/groceries/tissue-paper-box/thumbnail.webp,"Convenient tissue paper box for everyday use, providing soft and absorbent tissues."
42,Water,Groceries,79,4.96,https://cdn.dummyjson.com/product-images/groceries/water/thumbnail.webp,"Pure and refreshing bottled water, essential for staying hydrated throughout the day."
43,Decoration Swing,Home decoration,4799,3.16,https://cdn.dummyjson.com/product-images/home-decoration/decoration-swing/thumbnail.webp,"The Decoration Swing is a charming addition to your home decor. Crafted with intricate details, it adds a touch of elegance and whimsy to any room."
44,Family Tree Photo Frame,Home decoration,2399,4.53,https://cdn.dummyjson.com/product-images/home-decoration/family-tree-photo-frame/thumbnail.webp,"The Family Tree Photo Frame is a sentimental and stylish way to display your cherished family memories. With multiple photo slots, it tells the story of your loved ones."
45,House Showpiece Plant,Home decoration,3199,4.67,https://cdn.dummyjson.com/product-images/home-decoration/house-showpiece-plant/thumbnail.webp,The House Showpiece Plant is an artificial plant that brings a touch of nature to your home without the need for maintenance. It adds greenery and style to any space.
46,Plant Pot,Home decoration,1199,3.01,https://cdn.dummyjson.com/product-images/home-decoration/plant-pot/thumbnail.webp,"The Plant Pot is a stylish container for your favorite plants. With a sleek design, it complements your indoor or outdoor garden, adding a modern touch to your plant display."
47,Table Lamp,Home decoration,3999,3.55,https://cdn.dummyjson.com/product-images/home-decoration/table-lamp/thumbnail.webp,"The Table Lamp is a functional and decorative lighting solution for your living space. With a modern design, it provides both ambient and task lighting, enhancing the atmosphere."
48,Bamboo Spatula,Kitchen accessories,639,3.27,https://cdn.dummyjson.com/product-images/kitchen-accessories/bamboo-spatula/thumbnail.webp,"The Bamboo Spatula is a versatile kitchen tool made from eco-friendly bamboo. Ideal for flipping, stirring, and serving various dishes."
49,Black Aluminium Cup,Kitchen accessories,479,4.46,https://cdn.dummyjson.com/product-images/kitchen-accessories/black-aluminium-cup/thumbnail.webp,The Black Aluminium Cup is a stylish and durable cup suitable for both hot and cold beverages. Its sleek black design adds a modern touch to your drinkware collection.
50,Black Whisk,Kitchen accessories,799,3.9,https://cdn.dummyjson.com/product-images/kitchen-accessories/black-whisk/thumbnail.webp,The Black Whisk is a kitchen essential for whisking and beating ingredients. Its ergonomic handle and sleek design make it a practical and stylish tool.
51,Boxed Blender,Kitchen accessories,3199,4.56,https://cdn.dummyjson.com/product-images/kitchen-accessories/boxed-blender/thumbnail.webp,"The Boxed Blender is a powerful and compact blender perfect for smoothies, shakes, and more. Its convenient design and multiple functions make it a versatile kitchen appliance."
52,Carbon Steel Wok,Kitchen accessories,2399,4.05,https://cdn.dummyjson.com/product-images/kitchen-accessories/carbon-steel-wok/thumbnail.webp,"The Carbon Steel Wok is a versatile cooking pan suitable for stir-frying, sautéing, and deep frying. Its sturdy construction ensures even heat distribution for delicious meals."
53,Chopping Board,Kitchen accessories,1039,3.7,https://cdn.dummyjson.com/product-images/kitchen-accessories/chopping-board/thumbnail.webp,"The Chopping Board is an essential kitchen accessory for food preparation. Made from durable material, it provides a safe and hygienic surface for cutting and chopping."
54,Citrus Squeezer Yellow,Kitchen accessories,719,4.63,https://cdn.dummyjson.com/product-images/kitchen-accessories/citrus-squeezer-yellow/thumbnail.webp,The Citrus Squeezer in Yellow is a handy tool for extracting juice from citrus fruits. Its vibrant color adds a cheerful touch to your kitchen gadgets.
55,Egg Slicer,Kitchen accessories,559,3.09,https://cdn.dummyjson.com/product-images/kitchen-accessories/egg-slicer/thumbnail.webp,"The Egg Slicer is a convenient tool for slicing boiled eggs evenly. It's perfect for salads, sandwiches, and other dishes where sliced eggs are desired."
56,Electric Stove,Kitchen accessories,3999,4.11,https://cdn.dummyjson.com/product-images/kitchen-accessories/electric-stove/thumbnail.webp,The Electric Stove provides a portable and efficient cooking solution. Ideal for small kitchens or as an additional cooking surface for various culinary needs.
57,Fine Mesh Strainer,Kitchen accessories,799,3.04,https://cdn.dummyjson.com/product-images/kitchen-accessories/fine-mesh-strainer/thumbnail.webp,The Fine Mesh Strainer is a versatile tool for straining liquids and sifting dry ingredients. Its fine mesh ensures efficient filtering for smooth cooking and baking.
58,Fork,Kitchen accessories,319,3.11,https://cdn.dummyjson.com/product-images/kitchen-accessories/fork/thumbnail.webp,The Fork is a classic utensil for various dining and serving purposes. Its durable and ergonomic design makes it a reliable choice for everyday use.
59,Glass,Kitchen accessories,399,4.02,https://cdn.dummyjson.com/product-images/kitchen-accessories/glass/thumbnail.webp,The Glass is a versatile and elegant drinking vessel suitable for a variety of beverages. Its clear design allows you to enjoy the colors and textures of your drinks.
60,Grater Black,Kitchen accessories,879,3.21,https://cdn.dummyjson.com/product-images/kitchen-accessories/grater-black/thumbnail.webp,"The Grater in Black is a handy kitchen tool for grating cheese, vegetables, and more. Its sleek design and sharp blades make food preparation efficient and easy."
61,Hand Blender,Kitchen accessories,2799,3.86,https://cdn.dummyjson.com/product-images/kitchen-accessories/hand-blender/thumbnail.webp,"The Hand Blender is a versatile kitchen appliance for blending, pureeing, and mixing. Its compact design and powerful motor make it a convenient tool for various recipes."
62,Ice Cube Tray,Kitchen accessories,479,4.71,https://cdn.dummyjson.com/product-images/kitchen-accessories/ice-cube-tray/thumbnail.webp,The Ice Cube Tray is a practical accessory for making ice cubes in various shapes. Perfect for keeping your drinks cool and adding a fun element to your beverages.
63,Kitchen Sieve,Kitchen accessories,639,3.09,https://cdn.dummyjson.com/product-images/kitchen-accessories/kitchen-sieve/thumbnail.webp,The Kitchen Sieve is a versatile tool for sifting and straining dry and wet ingredients. Its fine mesh design ensures smooth results in your cooking and baking.
64,Knife,Kitchen accessories,1199,3.26,https://cdn.dummyjson.com/product-images/kitchen-accessories/knife/thumbnail.webp,"The Knife is an essential kitchen tool for chopping, slicing, and dicing. Its sharp blade and ergonomic handle make it a reliable choice for food preparation."
65,Lunch Box,Kitchen accessories,1039,4.93,https://cdn.dummyjson.com/product-images/kitchen-accessories/lunch-box/thumbnail.webp,"The Lunch Box is a convenient and portable container for packing and carrying your meals. With compartments for different foods, it's perfect for on-the-go dining."
66,Microwave Oven,Kitchen accessories,7199,4.82,https://cdn.dummyjson.com/product-images/kitchen-accessories/microwave-oven/thumbnail.webp,"The Microwave Oven is a versatile kitchen appliance for quick and efficient cooking, reheating, and defrosting. Its compact size makes it suitable for various kitchen setups."
67,Mug Tree Stand,Kitchen accessories,1279,2.64,https://cdn.dummyjson.com/product-images/kitchen-accessories/mug-tree-stand/thumbnail.webp,The Mug Tree Stand is a stylish and space-saving solution for organizing your mugs. Keep your favorite mugs easily accessible and neatly displayed in your kitchen.
68,Pan,Kitchen accessories,1999,2.79,https://cdn.dummyjson.com/product-images/kitchen-accessories/pan/thumbnail.webp,"The Pan is a versatile and essential cookware item for frying, sautéing, and cooking various dishes. Its non-stick coating ensures easy food release and cleanup."
69,Plate,Kitchen accessories,319,3.65,https://cdn.dummyjson.com/product-images/kitchen-accessories/plate/thumbnail.webp,The Plate is a classic and essential dishware item for serving meals. Its durable and stylish design makes it suitable for everyday use or special occasions.
70,Red Tongs,Kitchen accessories,559,4.42,https://cdn.dummyjson.com/product-images/kitchen-accessories/red-tongs/thumbnail.webp,The Red Tongs are versatile kitchen tongs suitable for various cooking and serving tasks. Their vibrant color adds a pop of excitement to your kitchen utensils.
71,Silver Pot With Glass Cap,Kitchen accessories,3199,3.22,https://cdn.dummyjson.com/product-images/kitchen-accessories/silver-pot-with-glass-cap/thumbnail.webp,"The Silver Pot with Glass Cap is a stylish and functional cookware item for boiling, simmering, and preparing delicious meals. Its glass cap allows you to monitor cooking progress."
72,Slotted Turner,Kitchen accessories,719,3.4,https://cdn.dummyjson.com/product-images/kitchen-accessories/slotted-turner/thumbnail.webp,"The Slotted Turner is a kitchen utensil designed for flipping and turning food items. Its slotted design allows excess liquid to drain, making it ideal for frying and sautéing."
73,Spice Rack,Kitchen accessories,1599,4.87,https://cdn.dummyjson.com/product-images/kitchen-accessories/spice-rack/thumbnail.webp,The Spice Rack is a convenient organizer for your spices and seasonings. Keep your kitchen essentials within reach and neatly arranged with this stylish spice rack.
74,Spoon,Kitchen accessories,399,4.03,https://cdn.dummyjson.com/product-images/kitchen-accessories/spoon/thumbnail.webp,"The Spoon is a versatile kitchen utensil for stirring, serving, and tasting. Its ergonomic design and durable construction make it an essential tool for every kitchen."
75,Tray,Kitchen accessories,1359,4.62,https://cdn.dummyjson.com/product-images/kitchen-accessories/tray/thumbnail.webp,"The Tray is a functional and decorative item for serving snacks, appetizers, or drinks. Its stylish design makes it a versatile accessory for entertaining guests."
76,Wooden Rolling Pin,Kitchen accessories,959,2.92,https://cdn.dummyjson.com/product-images/kitchen-accessories/wooden-rolling-pin/thumbnail.webp,The Wooden Rolling Pin is a classic kitchen tool for rolling out dough for baking. Its smooth surface and sturdy handles make it easy to achieve uniform thickness.
77,Yellow Peeler,Kitchen accessories,479,4.24,https://cdn.dummyjson.com/product-images/kitchen-accessories/yellow-peeler/thumbnail.webp,The Yellow Peeler is a handy tool for peeling fruits and vegetables with ease. Its bright yellow color adds a cheerful touch to your kitchen gadgets.
78,Apple MacBook Pro 14 Inch Space Grey,Laptops,159999,3.65,https://cdn.dummyjson.com/product-images/laptops/apple-macbook-pro-14-inch-space-grey/thumbnail.webp,"The MacBook Pro 14 Inch in Space Grey is a powerful and sleek laptop, featuring Apple's M1 Pro chip for exceptional performance and a stunning Retina display."
79,Asus Zenbook Pro Dual Screen Laptop,Laptops,143999,3.95,https://cdn.dummyjson.com/product-images/laptops/asus-zenbook-pro-dual-screen-laptop/thumbnail.webp,"The Asus Zenbook Pro Dual Screen Laptop is a high-performance device with dual screens, providing productivity and versatility for creative professionals."
80,Huawei Matebook X Pro,Laptops,111999,4.98,https://cdn.dummyjson.com/product-images/laptops/huawei-matebook-x-pro/thumbnail.webp,"The Huawei Matebook X Pro is a slim and stylish laptop with a high-resolution touchscreen display, offering a premium experience for users on the go."
81,Lenovo Yoga 920,Laptops,87999,2.86,https://cdn.dummyjson.com/product-images/laptops/lenovo-yoga-920/thumbnail.webp,"The Lenovo Yoga 920 is a 2-in-1 convertible laptop with a flexible hinge, allowing you to use it as a laptop or tablet, offering versatility and portability."
82,New DELL XPS 13 9300 Laptop,Laptops,119999,2.67,https://cdn.dummyjson.com/product-images/laptops/new-dell-xps-13-9300-laptop/thumbnail.webp,"The New DELL XPS 13 9300 Laptop is a compact and powerful device, featuring a virtually borderless InfinityEdge display and high-end performance for various tasks."
83,Blue & Black Check Shirt,Mens shirts,2399,3.64,https://cdn.dummyjson.com/product-images/mens-shirts/blue-&-black-check-shirt/thumbnail.webp,"The Blue & Black Check Shirt is a stylish and comfortable men's shirt featuring a classic check pattern. Made from high-quality fabric, it's suitable for both casual and semi-formal occasions."
84,Gigabyte Aorus Men Tshirt,Mens shirts,1999,3.18,https://cdn.dummyjson.com/product-images/mens-shirts/gigabyte-aorus-men-tshirt/thumbnail.webp,"The Gigabyte Aorus Men Tshirt is a cool and casual shirt for gaming enthusiasts. With the Aorus logo and sleek design, it's perfect for expressing your gaming style."
85,Man Plaid Shirt,Mens shirts,2799,3.46,https://cdn.dummyjson.com/product-images/mens-shirts/man-plaid-shirt/thumbnail.webp,The Man Plaid Shirt is a timeless and versatile men's shirt with a classic plaid pattern. Its comfortable fit and casual style make it a wardrobe essential for various occasions.
86,Man Short Sleeve Shirt,Mens shirts,1599,2.9,https://cdn.dummyjson.com/product-images/mens-shirts/man-short-sleeve-shirt/thumbnail.webp,"The Man Short Sleeve Shirt is a breezy and stylish option for warm days. With a comfortable fit and short sleeves, it's perfect for a laid-back yet polished look."
87,Men Check Shirt,Mens shirts,2239,2.72,https://cdn.dummyjson.com/product-images/mens-shirts/men-check-shirt/thumbnail.webp,"The Men Check Shirt is a classic and versatile shirt featuring a stylish check pattern. Suitable for various occasions, it adds a smart and polished touch to your wardrobe."
88,Nike Air Jordan 1 Red And Black,Mens shoes,11999,4.77,https://cdn.dummyjson.com/product-images/mens-shoes/nike-air-jordan-1-red-and-black/thumbnail.webp,"The Nike Air Jordan 1 in Red and Black is an iconic basketball sneaker known for its stylish design and high-performance features, making it a favorite among sneaker enthusiasts and athletes."
89,Nike Baseball Cleats,Mens shoes,6399,3.88,https://cdn.dummyjson.com/product-images/mens-shoes/nike-baseball-cleats/thumbnail.webp,Nike Baseball Cleats are designed for maximum traction and performance on the baseball field. They provide stability and support for players during games and practices.
90,Puma Future Rider Trainers,Mens shoes,7199,4.9,https://cdn.dummyjson.com/product-images/mens-shoes/puma-future-rider-trainers/thumbnail.webp,"The Puma Future Rider Trainers offer a blend of retro style and modern comfort. Perfect for casual wear, these trainers provide a fashionable and comfortable option for everyday use."
91,Sports Sneakers Off White & Red,Mens shoes,9599,4.77,https://cdn.dummyjson.com/product-images/mens-shoes/sports-sneakers-off-white-&-red/thumbnail.webp,"The Sports Sneakers in Off White and Red combine style and functionality, making them a fashionable choice for sports enthusiasts. The red and off-white color combination adds a bold and energetic touch."
92,Sports Sneakers Off White Red,Mens shoes,8799,4.69,https://cdn.dummyjson.com/product-images/mens-shoes/sports-sneakers-off-white-red/thumbnail.webp,"Another variant of the Sports Sneakers in Off White Red, featuring a unique design. These sneakers offer style and comfort for casual occasions."
93,Brown Leather Belt Watch,Mens watches,7199,4.19,https://cdn.dummyjson.com/product-images/mens-watches/brown-leather-belt-watch/thumbnail.webp,"The Brown Leather Belt Watch is a stylish timepiece with a classic design. Featuring a genuine leather strap and a sleek dial, it adds a touch of sophistication to your look."
94,Longines Master Collection,Mens watches,119999,3.87,https://cdn.dummyjson.com/product-images/mens-watches/longines-master-collection/thumbnail.webp,"The Longines Master Collection is an elegant and refined watch known for its precision and craftsmanship. With a timeless design, it's a symbol of luxury and sophistication."
95,Rolex Cellini Date Black Dial,Mens watches,719999,4.97,https://cdn.dummyjson.com/product-images/mens-watches/rolex-cellini-date-black-dial/thumbnail.webp,"The Rolex Cellini Date with Black Dial is a classic and prestigious watch. With a black dial and date complication, it exudes sophistication and is a symbol of Rolex's heritage."
96,Rolex Cellini Moonphase,Mens watches,1039999,2.58,https://cdn.dummyjson.com/product-images/mens-watches/rolex-cellini-moonphase/thumbnail.webp,"The Rolex Cellini Moonphase is a masterpiece of horology, featuring a moon phase complication and exquisite design. It reflects Rolex's commitment to precision and elegance."
97,Rolex Datejust,Mens watches,879999,3.66,https://cdn.dummyjson.com/product-images/mens-watches/rolex-datejust/thumbnail.webp,"The Rolex Datejust is an iconic and versatile timepiece with a date window. Known for its timeless design and reliability, it's a symbol of Rolex's watchmaking excellence."
98,Rolex Submariner Watch,Mens watches,1119999,2.69,https://cdn.dummyjson.com/product-images/mens-watches/rolex-submariner-watch/thumbnail.webp,"The Rolex Submariner is a legendary dive watch with a rich history. Known for its durability and water resistance, it's a symbol of adventure and exploration."
99,Amazon Echo Plus,Mobile accessories,7999,4.99,https://cdn.dummyjson.com/product-images/mobile-accessories/amazon-echo-plus/thumbnail.webp,The Amazon Echo Plus is a smart speaker with built-in Alexa voice control. It features premium sound quality and serves as a hub for controlling smart home devices.
100,Apple Airpods,Mobile accessories,10399,4.15,https://cdn.dummyjson.com/product-images/mobile-accessories/apple-airpods/thumbnail.webp,"The Apple Airpods offer a seamless wireless audio experience. With easy pairing, high-quality sound, and Siri integration, they are perfect for on-the-go listening."
101,Apple AirPods Max Silver,Mobile accessories,43999,3.47,https://cdn.dummyjson.com/product-images/mobile-accessories/apple-airpods-max-silver/thumbnail.webp,"The Apple AirPods Max in Silver are premium over-ear headphones with high-fidelity audio, adaptive EQ, and active noise cancellation. Experience immersive sound in style."
102,Apple Airpower Wireless Charger,Mobile accessories,6399,3.68,https://cdn.dummyjson.com/product-images/mobile-accessories/apple-airpower-wireless-charger/thumbnail.webp,The Apple AirPower Wireless Charger provides a convenient way to charge your compatible Apple devices wirelessly. Simply place your devices on the charging mat for effortless charging.
103,Apple HomePod Mini Cosmic Grey,Mobile accessories,7999,4.62,https://cdn.dummyjson.com/product-images/mobile-accessories/apple-homepod-mini-cosmic-grey/thumbnail.webp,The Apple HomePod Mini in Cosmic Grey is a compact smart speaker that delivers impressive audio and integrates seamlessly with the Apple ecosystem for a smart home experience.
104,Apple iPhone Charger,Mobile accessories,1599,4.15,https://cdn.dummyjson.com/product-images/mobile-accessories/apple-iphone-charger/thumbnail.webp,The Apple iPhone Charger is a high-quality charger designed for fast and efficient charging of your iPhone. Ensure your device stays powered up and ready to go.
105,Apple MagSafe Battery Pack,Mobile accessories,7999,3.62,https://cdn.dummyjson.com/product-images/mobile-accessories/apple-magsafe-battery-pack/thumbnail.webp,The Apple MagSafe Battery Pack is a portable and convenient way to add extra battery life to your MagSafe-compatible iPhone. Attach it magnetically for a secure connection.
106,Apple Watch Series 4 Gold,Mobile accessories,27999,2.74,https://cdn.dummyjson.com/product-images/mobile-accessories/apple-watch-series-4-gold/thumbnail.webp,"The Apple Watch Series 4 in Gold is a stylish and advanced smartwatch with features like heart rate monitoring, fitness tracking, and a beautiful Retina display."
107,Beats Flex Wireless Earphones,Mobile accessories,3999,4.24,https://cdn.dummyjson.com/product-images/mobile-accessories/beats-flex-wireless-earphones/thumbnail.webp,"The Beats Flex Wireless Earphones offer a comfortable and versatile audio experience. With magnetic earbuds and up to 12 hours of battery life, they are ideal for everyday use."
108,iPhone 12 Silicone Case with MagSafe Plum,Mobile accessories,2399,3.62,https://cdn.dummyjson.com/product-images/mobile-accessories/iphone-12-silicone-case-with-magsafe-plum/thumbnail.webp,The iPhone 12 Silicone Case with MagSafe in Plum is a stylish and protective case designed for the iPhone 12. It features MagSafe technology for easy attachment of accessories.
109,Monopod,Mobile accessories,1599,4.43,https://cdn.dummyjson.com/product-images/mobile-accessories/monopod/thumbnail.webp,"The Monopod is a versatile camera accessory for stable and adjustable shooting. Perfect for capturing selfies, group photos, and videos with ease."
110,Selfie Lamp with iPhone,Mobile accessories,1199,3.55,https://cdn.dummyjson.com/product-images/mobile-accessories/selfie-lamp-with-iphone/thumbnail.webp,The Selfie Lamp with iPhone is a portable and adjustable LED light designed to enhance your selfies and video calls. Attach it to your iPhone for well-lit photos.
111,Selfie Stick Monopod,Mobile accessories,1039,3.88,https://cdn.dummyjson.com/product-images/mobile-accessories/selfie-stick-monopod/thumbnail.webp,The Selfie Stick Monopod is a extendable and foldable device for capturing the perfect selfie or group photo. Compatible with smartphones and cameras.
112,TV Studio Camera Pedestal,Mobile accessories,39999,2.78,https://cdn.dummyjson.com/product-images/mobile-accessories/tv-studio-camera-pedestal/thumbnail.webp,The TV Studio Camera Pedestal is a professional-grade camera support system for smooth and precise camera movements in a studio setting. Ideal for broadcast and production.
113,Generic Motorcycle,Motorcycle,319999,4.91,https://cdn.dummyjson.com/product-images/motorcycle/generic-motorcycle/thumbnail.webp,"The Generic Motorcycle is a versatile and reliable bike suitable for various riding preferences. With a balanced design, it provides a comfortable and efficient riding experience."
114,Kawasaki Z800,Motorcycle,719999,3.98,https://cdn.dummyjson.com/product-images/motorcycle/kawasaki-z800/thumbnail.webp,"The Kawasaki Z800 is a powerful and agile sportbike known for its striking design and performance. It's equipped with advanced features, making it a favorite among motorcycle enthusiasts."
115,MotoGP CI.H1,Motorcycle,1199999,2.97,https://cdn.dummyjson.com/product-images/motorcycle/motogp-ci.h1/thumbnail.webp,The MotoGP CI.H1 is a high-performance motorcycle inspired by MotoGP racing technology. It offers cutting-edge features and precision engineering for an exhilarating riding experience.
116,Scooter Motorcycle,Motorcycle,239999,2.53,https://cdn.dummyjson.com/product-images/motorcycle/scooter-motorcycle/thumbnail.webp,The Scooter Motorcycle is a practical and fuel-efficient bike ideal for urban commuting. It features a step-through design and user-friendly controls for easy maneuverability.
117,Sportbike Motorcycle,Motorcycle,599999,3.94,https://cdn.dummyjson.com/product-images/motorcycle/sportbike-motorcycle/thumbnail.webp,"The Sportbike Motorcycle is designed for speed and agility, with a sleek and aerodynamic profile. It's suitable for riders looking for a dynamic and thrilling riding experience."
118,Attitude Super Leaves Hand Soap,Skin care,719,3.19,https://cdn.dummyjson.com/product-images/skin-care/attitude-super-leaves-hand-soap/thumbnail.webp,"Attitude Super Leaves Hand Soap is a natural and nourishing hand soap enriched with the goodness of super leaves. It cleanses and moisturizes your hands, leaving them feeling fresh and soft."
119,Olay Ultra Moisture Shea Butter Body Wash,Skin care,1039,4.51,https://cdn.dummyjson.com/product-images/skin-care/olay-ultra-moisture-shea-butter-body-wash/thumbnail.webp,Olay Ultra Moisture Shea Butter Body Wash is a luxurious body wash that hydrates and nourishes your skin with the moisturizing power of shea butter. Enjoy a rich lather and silky-smooth skin.
120,Vaseline Men Body and Face Lotion,Skin care,799,3.16,https://cdn.dummyjson.com/product-images/skin-care/vaseline-men-body-and-face-lotion/thumbnail.webp,Vaseline Men Body and Face Lotion is a specially formulated lotion designed to provide long-lasting moisture to men's skin. It absorbs quickly and helps keep the skin hydrated and healthy.
121,iPhone 5s,Smartphones,15999,2.83,https://cdn.dummyjson.com/product-images/smartphones/iphone-5s/thumbnail.webp,"The iPhone 5s is a classic smartphone known for its compact design and advanced features during its release. While it's an older model, it still provides a reliable user experience."
122,iPhone 6,Smartphones,23999,3.41,https://cdn.dummyjson.com/product-images/smartphones/iphone-6/thumbnail.webp,"The iPhone 6 is a stylish and capable smartphone with a larger display and improved performance. It introduced new features and design elements, making it a popular choice in its time."
123,iPhone 13 Pro,Smartphones,87999,4.12,https://cdn.dummyjson.com/product-images/smartphones/iphone-13-pro/thumbnail.webp,"The iPhone 13 Pro is a cutting-edge smartphone with a powerful camera system, high-performance chip, and stunning display. It offers advanced features for users who demand top-notch technology."
124,iPhone X,Smartphones,71999,2.51,https://cdn.dummyjson.com/product-images/smartphones/iphone-x/thumbnail.webp,"The iPhone X is a flagship smartphone featuring a bezel-less OLED display, facial recognition technology (Face ID), and impressive performance. It represents a milestone in iPhone design and innovation."
125,Oppo A57,Smartphones,19999,3.94,https://cdn.dummyjson.com/product-images/smartphones/oppo-a57/thumbnail.webp,"The Oppo A57 is a mid-range smartphone known for its sleek design and capable features. It offers a balance of performance and affordability, making it a popular choice."
126,Oppo F19 Pro Plus,Smartphones,31999,3.51,https://cdn.dummyjson.com/product-images/smartphones/oppo-f19-pro-plus/thumbnail.webp,The Oppo F19 Pro Plus is a feature-rich smartphone with a focus on camera capabilities. It boasts advanced photography features and a powerful performance for a premium user experience.
127,Oppo K1,Smartphones,23999,4.25,https://cdn.dummyjson.com/product-images/smartphones/oppo-k1/thumbnail.webp,"The Oppo K1 series offers a range of smartphones with various features and specifications. Known for their stylish design and reliable performance, the Oppo K1 series caters to diverse user preferences."
128,Realme C35,Smartphones,11999,4.2,https://cdn.dummyjson.com/product-images/smartphones/realme-c35/thumbnail.webp,The Realme C35 is a budget-friendly smartphone with a focus on providing essential features for everyday use. It offers a reliable performance and user-friendly experience.
129,Realme X,Smartphones,23999,3.7,https://cdn.dummyjson.com/product-images/smartphones/realme-x/thumbnail.webp,The Realme X is a mid-range smartphone known for its sleek design and impressive display. It offers a good balance of performance and camera capabilities for users seeking a quality device.
130,Realme XT,Smartphones,27999,4.58,https://cdn.dummyjson.com/product-images/smartphones/realme-xt/thumbnail.webp,"The Realme XT is a feature-rich smartphone with a focus on camera technology. It comes equipped with advanced camera sensors, delivering high-quality photos and videos for photography enthusiasts."
131,Samsung Galaxy S7,Smartphones,23999,3.3,https://cdn.dummyjson.com/product-images/smartphones/samsung-galaxy-s7/thumbnail.webp,"The Samsung Galaxy S7 is a flagship smartphone known for its sleek design and advanced features. It features a high-resolution display, powerful camera, and robust performance."
132,Samsung Galaxy S8,Smartphones,39999,4.4,https://cdn.dummyjson.com/product-images/smartphones/samsung-galaxy-s8/thumbnail.webp,"The Samsung Galaxy S8 is a premium smartphone with an Infinity Display, offering a stunning visual experience. It boasts advanced camera capabilities and cutting-edge technology."
133,Samsung Galaxy S10,Smartphones,55999,3.06,https://cdn.dummyjson.com/product-images/smartphones/samsung-galaxy-s10/thumbnail.webp,"The Samsung Galaxy S10 is a flagship device featuring a dynamic AMOLED display, versatile camera system, and powerful performance. It represents innovation and excellence in smartphone technology."
134,Vivo S1,Smartphones,19999,3.5,https://cdn.dummyjson.com/product-images/smartphones/vivo-s1/thumbnail.webp,"The Vivo S1 is a stylish and mid-range smartphone offering a blend of design and performance. It features a vibrant display, capable camera system, and reliable functionality."
135,Vivo V9,Smartphones,23999,3.6,https://cdn.dummyjson.com/product-images/smartphones/vivo-v9/thumbnail.webp,"The Vivo V9 is a smartphone known for its sleek design and emphasis on capturing high-quality selfies. It features a notch display, dual-camera setup, and a modern design."
136,Vivo X21,Smartphones,39999,4.26,https://cdn.dummyjson.com/product-images/smartphones/vivo-x21/thumbnail.webp,"The Vivo X21 is a premium smartphone with a focus on cutting-edge technology. It features an in-display fingerprint sensor, a high-resolution display, and advanced camera capabilities."
137,American Football,Sports accessories,1599,4.91,https://cdn.dummyjson.com/product-images/sports-accessories/american-football/thumbnail.webp,"The American Football is a classic ball used in American football games. It is designed for throwing and catching, making it an essential piece of equipment for the sport."
138,Baseball Ball,Sports accessories,719,2.57,https://cdn.dummyjson.com/product-images/sports-accessories/baseball-ball/thumbnail.webp,"The Baseball Ball is a standard baseball used in baseball games. It features a durable leather cover and is designed for pitching, hitting, and fielding in the game of baseball."
139,Baseball Glove,Sports accessories,1999,3.96,https://cdn.dummyjson.com/product-images/sports-accessories/baseball-glove/thumbnail.webp,"The Baseball Glove is a protective glove worn by baseball players. It is designed to catch and field the baseball, providing players with comfort and control during the game."
140,Basketball,Sports accessories,1199,4.66,https://cdn.dummyjson.com/product-images/sports-accessories/basketball/thumbnail.webp,"The Basketball is a standard ball used in basketball games. It is designed for dribbling, shooting, and passing in the game of basketball, suitable for both indoor and outdoor play."
141,Basketball Rim,Sports accessories,3199,4.6,https://cdn.dummyjson.com/product-images/sports-accessories/basketball-rim/thumbnail.webp,The Basketball Rim is a sturdy hoop and net assembly mounted on a basketball backboard. It provides a target for shooting and scoring in the game of basketball.
142,Cricket Ball,Sports accessories,1039,3.53,https://cdn.dummyjson.com/product-images/sports-accessories/cricket-ball/thumbnail.webp,"The Cricket Ball is a hard leather ball used in the sport of cricket. It is bowled and batted in the game, and its hardness and seam contribute to the dynamics of cricket play."
143,Cricket Bat,Sports accessories,2399,3.17,https://cdn.dummyjson.com/product-images/sports-accessories/cricket-bat/thumbnail.webp,The Cricket Bat is an essential piece of cricket equipment used by batsmen to hit the cricket ball. It is made of wood and comes in various sizes and designs.
144,Cricket Helmet,Sports accessories,3599,4.69,https://cdn.dummyjson.com/product-images/sports-accessories/cricket-helmet/thumbnail.webp,"The Cricket Helmet is a protective headgear worn by cricket players, especially batsmen and wicketkeepers. It provides protection against fast bowling and bouncers."
145,Cricket Wicket,Sports accessories,2399,4.73,https://cdn.dummyjson.com/product-images/sports-accessories/cricket-wicket/thumbnail.webp,"The Cricket Wicket is a set of three stumps and two bails, forming a wicket used in the sport of cricket. Batsmen aim to protect the wicket while scoring runs."
146,Feather Shuttlecock,Sports accessories,479,2.85,https://cdn.dummyjson.com/product-images/sports-accessories/feather-shuttlecock/thumbnail.webp,"The Feather Shuttlecock is used in the sport of badminton. It features natural feathers and is designed for high-speed play, providing stability and accuracy during matches."
147,Football,Sports accessories,1439,3.28,https://cdn.dummyjson.com/product-images/sports-accessories/football/thumbnail.webp,"The Football, also known as a soccer ball, is the standard ball used in the sport of football (soccer). It is designed for kicking and passing in the game."
148,Golf Ball,Sports accessories,799,4.3,https://cdn.dummyjson.com/product-images/sports-accessories/golf-ball/thumbnail.webp,"The Golf Ball is a small ball used in the sport of golf. It features dimples on its surface, providing aerodynamic lift and distance when struck by a golf club."
149,Iron Golf,Sports accessories,3999,4.41,https://cdn.dummyjson.com/product-images/sports-accessories/iron-golf/thumbnail.webp,"The Iron Golf is a type of golf club designed for various golf shots. It features a solid metal head and is used for approach shots, chipping, and other golfing techniques."
150,Metal Baseball Bat,Sports accessories,2399,4.66,https://cdn.dummyjson.com/product-images/sports-accessories/metal-baseball-bat/thumbnail.webp,The Metal Baseball Bat is a durable and lightweight baseball bat made from metal alloys. It is commonly used in baseball games for hitting and batting practice.
151,Tennis Ball,Sports accessories,559,4.06,https://cdn.dummyjson.com/product-images/sports-accessories/tennis-ball/thumbnail.webp,The Tennis Ball is a standard ball used in the sport of tennis. It is designed for bouncing and hitting with tennis rackets during matches or practice sessions.
152,Tennis Racket,Sports accessories,3999,4.03,https://cdn.dummyjson.com/product-images/sports-accessories/tennis-racket/thumbnail.webp,"The Tennis Racket is an essential piece of equipment used in the sport of tennis. It features a frame with strings and a grip, allowing players to hit the tennis ball."
153,Volleyball,Sports accessories,959,3.84,https://cdn.dummyjson.com/product-images/sports-accessories/volleyball/thumbnail.webp,"The Volleyball is a standard ball used in the sport of volleyball. It is designed for passing, setting, and spiking over the net during volleyball matches."
154,Black Sun Glasses,Sunglasses,2399,4.41,https://cdn.dummyjson.com/product-images/sunglasses/black-sun-glasses/thumbnail.webp,"The Black Sun Glasses are a classic and stylish choice, featuring a sleek black frame and tinted lenses. They provide both UV protection and a fashionable look."
155,Classic Sun Glasses,Sunglasses,1999,3.86,https://cdn.dummyjson.com/product-images/sunglasses/classic-sun-glasses/thumbnail.webp,The Classic Sun Glasses offer a timeless design with a neutral frame and UV-protected lenses. These sunglasses are versatile and suitable for various occasions.
156,Green and Black Glasses,Sunglasses,2799,4.55,https://cdn.dummyjson.com/product-images/sunglasses/green-and-black-glasses/thumbnail.webp,"The Green and Black Glasses feature a bold combination of green and black colors, adding a touch of vibrancy to your eyewear collection. They are both stylish and eye-catching."
157,Party Glasses,Sunglasses,1599,2.79,https://cdn.dummyjson.com/product-images/sunglasses/party-glasses/thumbnail.webp,"The Party Glasses are designed to add flair to your party outfit. With unique shapes or colorful frames, they're perfect for adding a playful touch to your look during celebrations."
158,Sunglasses,Sunglasses,1839,3.02,https://cdn.dummyjson.com/product-images/sunglasses/sunglasses/thumbnail.webp,The Sunglasses offer a classic and simple design with a focus on functionality. These sunglasses provide essential UV protection while maintaining a timeless look.
159,iPad Mini 2021 Starlight,Tablets,39999,3.18,https://cdn.dummyjson.com/product-images/tablets/ipad-mini-2021-starlight/thumbnail.webp,"The iPad Mini 2021 in Starlight is a compact and powerful tablet from Apple. Featuring a stunning Retina display, powerful A-series chip, and a sleek design, it offers a premium tablet experience."
160,Samsung Galaxy Tab S8 Plus Grey,Tablets,47999,4.68,https://cdn.dummyjson.com/product-images/tablets/samsung-galaxy-tab-s8-plus-grey/thumbnail.webp,"The Samsung Galaxy Tab S8 Plus in Grey is a high-performance Android tablet by Samsung. With a large AMOLED display, powerful processor, and S Pen support, it's ideal for productivity and entertainment."
161,Samsung Galaxy Tab White,Tablets,27999,3.72,https://cdn.dummyjson.com/product-images/tablets/samsung-galaxy-tab-white/thumbnail.webp,"The Samsung Galaxy Tab in White is a sleek and versatile Android tablet. With a vibrant display, long-lasting battery, and a range of features, it offers a great user experience for various tasks."
162,Blue Frock,Tops,2399,4.17,https://cdn.dummyjson.com/product-images/tops/blue-frock/thumbnail.webp,"The Blue Frock is a charming and stylish dress for various occasions. With a vibrant blue color and a comfortable design, it adds a touch of elegance to your wardrobe."
163,Girl Summer Dress,Tops,1599,4.77,https://cdn.dummyjson.com/product-images/tops/girl-summer-dress/thumbnail.webp,"The Girl Summer Dress is a cute and breezy dress designed for warm weather. With playful patterns and lightweight fabric, it's perfect for keeping cool and stylish during the summer."
164,Gray Dress,Tops,2799,2.72,https://cdn.dummyjson.com/product-images/tops/gray-dress/thumbnail.webp,"The Gray Dress is a versatile and chic option for various occasions. With a neutral gray color, it can be dressed up or down, making it a wardrobe staple for any fashion-forward individual."
165,Short Frock,Tops,1999,3.23,https://cdn.dummyjson.com/product-images/tops/short-frock/thumbnail.webp,"The Short Frock is a playful and trendy dress with a shorter length. Ideal for casual outings or special occasions, it combines style and comfort for a fashionable look."
166,Tartan Dress,Tops,3199,4.05,https://cdn.dummyjson.com/product-images/tops/tartan-dress/thumbnail.webp,"The Tartan Dress features a classic tartan pattern, bringing a timeless and sophisticated touch to your wardrobe. Perfect for fall and winter, it adds a hint of traditional charm."
167,300 Touring,Vehicle,2319999,4.05,https://cdn.dummyjson.com/product-images/vehicle/300-touring/thumbnail.webp,"The 300 Touring is a stylish and comfortable sedan, known for its luxurious features and smooth performance."
168,Charger SXT RWD,Vehicle,2639999,2.58,https://cdn.dummyjson.com/product-images/vehicle/charger-sxt-rwd/thumbnail.webp,"The Charger SXT RWD is a powerful and sporty rear-wheel-drive sedan, offering a blend of performance and practicality."
169,Dodge Hornet GT Plus,Vehicle,1999999,2.65,https://cdn.dummyjson.com/product-images/vehicle/dodge-hornet-gt-plus/thumbnail.webp,"The Dodge Hornet GT Plus is a compact and agile hatchback, perfect for urban driving with a touch of sportiness."
170,Durango SXT RWD,Vehicle,2959999,4.07,https://cdn.dummyjson.com/product-images/vehicle/durango-sxt-rwd/thumbnail.webp,"The Durango SXT RWD is a spacious and versatile SUV, known for its strong performance and family-friendly features."
171,Pacifica Touring,Vehicle,2559999,3.62,https://cdn.dummyjson.com/product-images/vehicle/pacifica-touring/thumbnail.webp,"The Pacifica Touring is a stylish and well-equipped minivan, offering comfort and convenience for family journeys."
172,Blue Women's Handbag,Womens bags,3999,2.92,https://cdn.dummyjson.com/product-images/womens-bags/blue-women's-handbag/thumbnail.webp,"The Blue Women's Handbag is a stylish and spacious accessory for everyday use. With a vibrant blue color and multiple compartments, it combines fashion and functionality."
173,Heshe Women's Leather Bag,Womens bags,10399,4.92,https://cdn.dummyjson.com/product-images/womens-bags/heshe-women's-leather-bag/thumbnail.webp,"The Heshe Women's Leather Bag is a luxurious and high-quality leather bag for the sophisticated woman. With a timeless design and durable craftsmanship, it's a versatile accessory."
174,Prada Women Bag,Womens bags,47999,2.71,https://cdn.dummyjson.com/product-images/womens-bags/prada-women-bag/thumbnail.webp,"The Prada Women Bag is an iconic designer bag that exudes elegance and luxury. Crafted with precision and featuring the Prada logo, it's a statement piece for fashion enthusiasts."
175,White Faux Leather Backpack,Womens bags,3199,3.36,https://cdn.dummyjson.com/product-images/womens-bags/white-faux-leather-backpack/thumbnail.webp,"The White Faux Leather Backpack is a trendy and practical backpack for the modern woman. With a sleek white design and ample storage space, it's perfect for both casual and on-the-go styles."
176,Women Handbag Black,Womens bags,4799,2.89,https://cdn.dummyjson.com/product-images/womens-bags/women-handbag-black/thumbnail.webp,"The Women Handbag in Black is a classic and versatile accessory that complements various outfits. With a timeless black color and functional design, it's a must-have in every woman's wardrobe."
177,Black Women's Gown,Womens dresses,10399,3.64,https://cdn.dummyjson.com/product-images/womens-dresses/black-women's-gown/thumbnail.webp,"The Black Women's Gown is an elegant and timeless evening gown. With a sleek black design, it's perfect for formal events and special occasions, exuding sophistication and style."
178,Corset Leather With Skirt,Womens dresses,7199,3.05,https://cdn.dummyjson.com/product-images/womens-dresses/corset-leather-with-skirt/thumbnail.webp,"The Corset Leather With Skirt is a bold and edgy ensemble that combines a stylish corset with a matching skirt. Ideal for fashion-forward individuals, it makes a statement at any event."
179,Corset With Black Skirt,Womens dresses,6399,4.52,https://cdn.dummyjson.com/product-images/womens-dresses/corset-with-black-skirt/thumbnail.webp,The Corset With Black Skirt is a chic and versatile outfit that pairs a fashionable corset with a classic black skirt. It offers a trendy and coordinated look for various occasions.
180,Dress Pea,Womens dresses,3999,4.88,https://cdn.dummyjson.com/product-images/womens-dresses/dress-pea/thumbnail.webp,"The Dress Pea is a stylish and comfortable dress with a pea pattern. Perfect for casual outings, it adds a playful and fun element to your wardrobe, making it a great choice for day-to-day wear."
181,Marni Red & Black Suit,Womens dresses,14399,4.48,https://cdn.dummyjson.com/product-images/womens-dresses/marni-red-&-black-suit/thumbnail.webp,"The Marni Red & Black Suit is a sophisticated and fashion-forward suit ensemble. With a combination of red and black tones, it showcases a modern design for a bold and confident look."
182,Green Crystal Earring,Womens jewellery,2399,3.96,https://cdn.dummyjson.com/product-images/womens-jewellery/green-crystal-earring/thumbnail.webp,"The Green Crystal Earring is a dazzling accessory that features a vibrant green crystal. With a classic design, it adds a touch of elegance to your ensemble, perfect for formal or special occasions."
183,Green Oval Earring,Womens jewellery,1999,3.57,https://cdn.dummyjson.com/product-images/womens-jewellery/green-oval-earring/thumbnail.webp,"The Green Oval Earring is a stylish and versatile accessory with a unique oval shape. Whether for casual or dressy occasions, its green hue and contemporary design make it a standout piece."
184,Tropical Earring,Womens jewellery,1599,4.4,https://cdn.dummyjson.com/product-images/womens-jewellery/tropical-earring/thumbnail.webp,"The Tropical Earring is a fun and playful accessory inspired by tropical elements. Featuring vibrant colors and a lively design, it's perfect for adding a touch of summer to your look."
185,Black & Brown Slipper,Womens shoes,1599,2.53,https://cdn.dummyjson.com/product-images/womens-shoes/black-&-brown-slipper/thumbnail.webp,"The Black & Brown Slipper is a comfortable and stylish choice for casual wear. Featuring a blend of black and brown colors, it adds a touch of sophistication to your relaxation."
186,Calvin Klein Heel Shoes,Womens shoes,6399,4.92,https://cdn.dummyjson.com/product-images/womens-shoes/calvin-klein-heel-shoes/thumbnail.webp,"Calvin Klein Heel Shoes are elegant and sophisticated, designed for formal occasions. With a classic design and high-quality materials, they complement your stylish ensemble."
187,Golden Shoes Woman,Womens shoes,3999,3.26,https://cdn.dummyjson.com/product-images/womens-shoes/golden-shoes-woman/thumbnail.webp,"The Golden Shoes for Women are a glamorous choice for special occasions. Featuring a golden hue and stylish design, they add a touch of luxury to your outfit."
188,Pampi Shoes,Womens shoes,2399,3.05,https://cdn.dummyjson.com/product-images/womens-shoes/pampi-shoes/thumbnail.webp,"Pampi Shoes offer a blend of comfort and style for everyday use. With a versatile design, they are suitable for various casual occasions, providing a trendy and relaxed look."
189,Red Shoes,Womens shoes,2799,3.25,https://cdn.dummyjson.com/product-images/womens-shoes/red-shoes/thumbnail.webp,"The Red Shoes make a bold statement with their vibrant red color. Whether for a party or a casual outing, these shoes add a pop of color and style to your wardrobe."
190,IWC Ingenieur Automatic Steel,Womens watches,399999,2.93,https://cdn.dummyjson.com/product-images/womens-watches/iwc-ingenieur-automatic-steel/thumbnail.webp,"The IWC Ingenieur Automatic Steel watch is a durable and sophisticated timepiece. With a stainless steel case and automatic movement, it combines precision and style for watch enthusiasts."
191,Rolex Datejust Women,Womens watches,879999,2.86,https://cdn.dummyjson.com/product-images/womens-watches/rolex-datejust-women/thumbnail.webp,"The Rolex Datejust Women's watch is an iconic timepiece designed for women. With a timeless design and a date complication, it offers both elegance and functionality."
192,Watch Gold for Women,Womens watches,63999,4.24,https://cdn.dummyjson.com/product-images/womens-watches/watch-gold-for-women/thumbnail.webp,"The Gold Women's Watch is a stunning accessory that combines luxury and style. Featuring a gold-plated case and a chic design, it adds a touch of glamour to any outfit."
193,Women's Wrist Watch,Womens watches,10399,3.52,https://cdn.dummyjson.com/product-images/womens-watches/women's-wrist-watch/thumbnail.webp,"The Women's Wrist Watch is a versatile and fashionable timepiece for everyday wear. With a comfortable strap and a simple yet elegant design, it complements various styles."
194,Majestic Mountain Graphic T-Shirt,Clothes,3520,4.5,https://i.imgur.com/QkIa5tT.jpeg,"Elevate your wardrobe with this stylish black t-shirt featuring a striking monochrome mountain range graphic. Perfect for those who love the outdoors or want to add a touch of nature-inspired design to their look, this tee is crafted from soft, breathable fabric ensuring all-day comfort. Ideal for casual outings or as a unique gift, this t-shirt is a versatile addition to any collection."
195,Classic Red Pullover Hoodie,Clothes,800,3.9,https://i.imgur.com/1twoaDy.jpeg,"Elevate your casual wardrobe with our Classic Red Pullover Hoodie. Crafted with a soft cotton blend for ultimate comfort, this vibrant red hoodie features a kangaroo pocket, adjustable drawstring hood, and ribbed cuffs for a snug fit. The timeless design ensures easy pairing with jeans or joggers for a relaxed yet stylish look, making it a versatile addition to your everyday attire."
196,Classic Heather Gray Hoodie,Clothes,5520,4.0,https://i.imgur.com/cHddUCu.jpeg,"Stay cozy and stylish with our Classic Heather Gray Hoodie. Crafted from soft, durable fabric, it features a kangaroo pocket, adjustable drawstring hood, and ribbed cuffs. Perfect for a casual day out or a relaxing evening in, this hoodie is a versatile addition to any wardrobe."
197,Classic Grey Hooded Sweatshirt,Clothes,7200,4.7,https://i.imgur.com/R2PN9Wq.jpeg,"Elevate your casual wear with our Classic Grey Hooded Sweatshirt. Made from a soft cotton blend, this hoodie features a front kangaroo pocket, an adjustable drawstring hood, and ribbed cuffs for a snug fit. Perfect for those chilly evenings or lazy weekends, it pairs effortlessly with your favorite jeans or joggers."
198,Classic Black Hooded Sweatshirt,Clothes,6320,4.5,https://i.imgur.com/cSytoSD.jpeg,"Elevate your casual wardrobe with our Classic Black Hooded Sweatshirt. Made from high-quality, soft fabric that ensures comfort and durability, this hoodie features a spacious kangaroo pocket and an adjustable drawstring hood. Its versatile design makes it perfect for a relaxed day at home or a casual outing."
199,Classic Comfort Fit Joggers,Clothes,2000,4.8,https://i.imgur.com/ZKGofuB.jpeg,"Discover the perfect blend of style and comfort with our Classic Comfort Fit Joggers. These versatile black joggers feature a soft elastic waistband with an adjustable drawstring, two side pockets, and ribbed ankle cuffs for a secure fit. Made from a lightweight and durable fabric, they are ideal for both active days and relaxed lounging."
200,Classic Comfort Drawstring Joggers,Clothes,6320,3.7,https://i.imgur.com/mp3rUty.jpeg,"Experience the perfect blend of comfort and style with our Classic Comfort Drawstring Joggers. Designed for a relaxed fit, these joggers feature a soft, stretchable fabric, convenient side pockets, and an adjustable drawstring waist with elegant gold-tipped detailing. Ideal for lounging or running errands, these pants will quickly become your go-to for effortless, casual wear."
201,Classic Red Jogger Sweatpants,Clothes,7840,4.0,https://i.imgur.com/9LFjwpI.jpeg,"Experience ultimate comfort with our red jogger sweatpants, perfect for both workout sessions and lounging around the house. Made with soft, durable fabric, these joggers feature a snug waistband, adjustable drawstring, and practical side pockets for functionality. Their tapered design and elastic cuffs offer a modern fit that keeps you looking stylish on the go."
202,Classic Navy Blue Baseball Cap,Clothes,4880,3.8,https://i.imgur.com/R3iobJA.jpeg,"Step out in style with this sleek navy blue baseball cap. Crafted from durable material, it features a smooth, structured design and an adjustable strap for the perfect fit. Protect your eyes from the sun and complement your casual looks with this versatile and timeless accessory."
203,Classic Blue Baseball Cap,Clothes,6880,3.9,https://i.imgur.com/wXuQ7bm.jpeg,"Top off your casual look with our Classic Blue Baseball Cap, made from high-quality materials for lasting comfort. Featuring a timeless six-panel design with a pre-curved visor, this adjustable cap offers both style and practicality for everyday wear."
204,Classic Red Baseball Cap,Clothes,2800,3.7,https://i.imgur.com/cBuLvBi.jpeg,"Elevate your casual wardrobe with this timeless red baseball cap. Crafted from durable fabric, it features a comfortable fit with an adjustable strap at the back, ensuring one size fits all. Perfect for sunny days or adding a sporty touch to your outfit."
205,Classic Black Baseball Cap,Clothes,4640,4.0,https://i.imgur.com/KeqG6r4.jpeg,"Elevate your casual wear with this timeless black baseball cap. Made with high-quality, breathable fabric, it features an adjustable strap for the perfect fit. Whether you’re out for a jog or just running errands, this cap adds a touch of style to any outfit."
206,Classic Olive Chino Shorts,Clothes,6720,4.4,https://i.imgur.com/UsFIvYs.jpeg,"Elevate your casual wardrobe with these classic olive chino shorts. Designed for comfort and versatility, they feature a smooth waistband, practical pockets, and a tailored fit that makes them perfect for both relaxed weekends and smart-casual occasions. The durable fabric ensures they hold up throughout your daily activities while maintaining a stylish look."
207,Classic High-Waisted Athletic Shorts,Clothes,3440,3.9,https://i.imgur.com/eGOUveI.jpeg,"Stay comfortable and stylish with our Classic High-Waisted Athletic Shorts. Designed for optimal movement and versatility, these shorts are a must-have for your workout wardrobe. Featuring a figure-flattering high waist, breathable fabric, and a secure fit that ensures they stay in place during any activity, these shorts are perfect for the gym, running, or even just casual wear."
208,Classic White Crew Neck T-Shirt,Clothes,3120,3.9,https://i.imgur.com/axsyGpD.jpeg,"Elevate your basics with this versatile white crew neck tee. Made from a soft, breathable cotton blend, it offers both comfort and durability. Its sleek, timeless design ensures it pairs well with virtually any outfit. Ideal for layering or wearing on its own, this t-shirt is a must-have staple for every wardrobe."
209,Classic White Tee - Timeless Style and Comfort,Clothes,5840,4.7,https://i.imgur.com/Y54Bt8J.jpeg,"Elevate your everyday wardrobe with our Classic White Tee. Crafted from premium soft cotton material, this versatile t-shirt combines comfort with durability, perfect for daily wear. Featuring a relaxed, unisex fit that flatters every body type, it's a staple piece for any casual ensemble. Easy to care for and machine washable, this white tee retains its shape and softness wash after wash. Pair it with your favorite jeans or layer it under a jacket for a smart look."
210,Classic Black T-Shirt,Clothes,2800,4.3,https://i.imgur.com/9DqEOV5.jpeg,"Elevate your everyday style with our Classic Black T-Shirt. This staple piece is crafted from soft, breathable cotton for all-day comfort. Its versatile design features a classic crew neck and short sleeves, making it perfect for layering or wearing on its own. Durable and easy to care for, it's sure to become a favorite in your wardrobe."
211,Sleek White & Orange Wireless Gaming Controller,Electronics,5520,3.5,https://i.imgur.com/ZANVnHE.jpeg,"Elevate your gaming experience with this state-of-the-art wireless controller, featuring a crisp white base with vibrant orange accents. Designed for precision play, the ergonomic shape and responsive buttons provide maximum comfort and control for endless hours of gameplay. Compatible with multiple gaming platforms, this controller is a must-have for any serious gamer looking to enhance their setup."
212,Sleek Wireless Headphone & Inked Earbud Set,Electronics,3520,5.0,https://i.imgur.com/yVeIeDa.jpeg,"Experience the fusion of style and sound with this sophisticated audio set featuring a pair of sleek, white wireless headphones offering crystal-clear sound quality and over-ear comfort. The set also includes a set of durable earbuds, perfect for an on-the-go lifestyle. Elevate your music enjoyment with this versatile duo, designed to cater to all your listening needs."
213,Sleek Comfort-Fit Over-Ear Headphones,Electronics,2240,4.9,https://i.imgur.com/SolkFEB.jpeg,"Experience superior sound quality with our Sleek Comfort-Fit Over-Ear Headphones, designed for prolonged use with cushioned ear cups and an adjustable, padded headband. Ideal for immersive listening, whether you're at home, in the office, or on the move. Their durable construction and timeless design provide both aesthetically pleasing looks and long-lasting performance."
214,Efficient 2-Slice Toaster,Electronics,3840,3.9,https://i.imgur.com/keVCVIa.jpeg,"Enhance your morning routine with our sleek 2-slice toaster, featuring adjustable browning controls and a removable crumb tray for easy cleaning. This compact and stylish appliance is perfect for any kitchen, ensuring your toast is always golden brown and delicious."
215,Sleek Wireless Computer Mouse,Electronics,800,4.5,https://i.imgur.com/w3Y8NwQ.jpeg,"Experience smooth and precise navigation with this modern wireless mouse, featuring a glossy finish and a comfortable ergonomic design. Its responsive tracking and easy-to-use interface make it the perfect accessory for any desktop or laptop setup. The stylish blue hue adds a splash of color to your workspace, while its compact size ensures it fits neatly in your bag for on-the-go productivity."
216,Sleek Modern Laptop with Ambient Lighting,Electronics,3440,4.4,https://i.imgur.com/OKn1KFI.jpeg,"Experience next-level computing with our ultra-slim laptop, featuring a stunning display illuminated by ambient lighting. This high-performance machine is perfect for both work and play, delivering powerful processing in a sleek, portable design. The vibrant colors add a touch of personality to your tech collection, making it as stylish as it is functional."
217,Sleek Modern Laptop for Professionals,Electronics,7760,4.3,https://i.imgur.com/ItHcq7o.jpeg,"Experience cutting-edge technology and elegant design with our latest laptop model. Perfect for professionals on-the-go, this high-performance laptop boasts a powerful processor, ample storage, and a long-lasting battery life, all encased in a lightweight, slim frame for ultimate portability. Shop now to elevate your work and play."
218,Stylish Red & Silver Over-Ear Headphones,Electronics,3120,4.8,https://i.imgur.com/YaSqa06.jpeg,"Immerse yourself in superior sound quality with these sleek red and silver over-ear headphones. Designed for comfort and style, the headphones feature cushioned ear cups, an adjustable padded headband, and a detachable red cable for easy storage and portability. Perfect for music lovers and audiophiles who value both appearance and audio fidelity."
219,Sleek Mirror Finish Phone Case,Electronics,2160,3.6,https://i.imgur.com/yb9UQKL.jpeg,"Enhance your smartphone's look with this ultra-sleek mirror finish phone case. Designed to offer style with protection, the case features a reflective surface that adds a touch of elegance while keeping your device safe from scratches and impacts. Perfect for those who love a minimalist and modern aesthetic."
220,Sleek Smartwatch with Vibrant Display,Electronics,1280,4.8,https://i.imgur.com/LGk9Jn2.jpeg,"Experience modern timekeeping with our high-tech smartwatch, featuring a vivid touch screen display, customizable watch faces, and a comfortable blue silicone strap. This smartwatch keeps you connected with notifications and fitness tracking while showcasing exceptional style and versatility."
221,Sleek Modern Leather Sofa,Furniture,4240,5.0,https://i.imgur.com/Qphac99.jpeg,"Enhance the elegance of your living space with our Sleek Modern Leather Sofa. Designed with a minimalist aesthetic, it features clean lines and a luxurious leather finish. The robust metal legs provide stability and support, while the plush cushions ensure comfort. Perfect for contemporary homes or office waiting areas, this sofa is a statement piece that combines style with practicality."
222,Mid-Century Modern Wooden Dining Table,Furniture,1920,3.9,https://i.imgur.com/DMQHGA0.jpeg,"Elevate your dining room with this sleek Mid-Century Modern dining table, featuring an elegant walnut finish and tapered legs for a timeless aesthetic. Its sturdy wood construction and minimalist design make it a versatile piece that fits with a variety of decor styles. Perfect for intimate dinners or as a stylish spot for your morning coffee."
223,Elegant Golden-Base Stone Top Dining Table,Furniture,5280,4.6,https://i.imgur.com/NWIJKUj.jpeg,"Elevate your dining space with this luxurious table, featuring a sturdy golden metal base with an intricate rod design that provides both stability and chic elegance. The smooth stone top in a sleek round shape offers a robust surface for your dining pleasure. Perfect for both everyday meals and special occasions, this table easily complements any modern or glam decor."
224,Modern Elegance Teal Armchair,Furniture,2000,3.9,https://i.imgur.com/6wkyyIN.jpeg,"Elevate your living space with this beautifully crafted armchair, featuring a sleek wooden frame that complements its vibrant teal upholstery. Ideal for adding a pop of color and contemporary style to any room, this chair provides both superb comfort and sophisticated design. Perfect for reading, relaxing, or creating a cozy conversation nook."
225,Elegant Solid Wood Dining Table,Furniture,5360,3.9,https://i.imgur.com/4lTaHfF.jpeg,"Enhance your dining space with this sleek, contemporary dining table, crafted from high-quality solid wood with a warm finish. Its sturdy construction and minimalist design make it a perfect addition for any home looking for a touch of elegance. Accommodates up to six guests comfortably and includes a striking fruit bowl centerpiece. The overhead lighting is not included."
226,Modern Minimalist Workstation Setup,Furniture,3920,3.9,https://i.imgur.com/3oXNBst.jpeg,"Elevate your home office with our Modern Minimalist Workstation Setup, featuring a sleek wooden desk topped with an elegant computer, stylish adjustable wooden desk lamp, and complimentary accessories for a clean, productive workspace. This setup is perfect for professionals seeking a contemporary look that combines functionality with design."
227,Modern Ergonomic Office Chair,Furniture,5680,3.6,https://i.imgur.com/3dU0m72.jpeg,"Elevate your office space with this sleek and comfortable Modern Ergonomic Office Chair. Designed to provide optimal support throughout the workday, it features an adjustable height mechanism, smooth-rolling casters for easy mobility, and a cushioned seat for extended comfort. The clean lines and minimalist white design make it a versatile addition to any contemporary workspace."
228,Futuristic Holographic Soccer Cleats,Shoes,3120,3.7,https://i.imgur.com/qNOjJje.jpeg,"Step onto the field and stand out from the crowd with these eye-catching holographic soccer cleats. Designed for the modern player, these cleats feature a sleek silhouette, lightweight construction for maximum agility, and durable studs for optimal traction. The shimmering holographic finish reflects a rainbow of colors as you move, ensuring that you'll be noticed for both your skills and style. Perfect for the fashion-forward athlete who wants to make a statement."
229,Rainbow Glitter High Heels,Shoes,3120,4.0,https://i.imgur.com/62gGzeF.jpeg,"Step into the spotlight with these eye-catching rainbow glitter high heels. Designed to dazzle, each shoe boasts a kaleidoscope of shimmering colors that catch and reflect light with every step. Perfect for special occasions or a night out, these stunners are sure to turn heads and elevate any ensemble."
230,Chic Summer Denim Espadrille Sandals,Shoes,2640,3.7,https://i.imgur.com/9qrmE1b.jpeg,"Step into summer with style in our denim espadrille sandals. Featuring a braided jute sole for a classic touch and adjustable denim straps for a snug fit, these sandals offer both comfort and a fashionable edge. The easy slip-on design ensures convenience for beach days or casual outings."
231,Vibrant Runners: Bold Orange & Blue Sneakers,Shoes,2160,4.5,https://i.imgur.com/hKcMNJs.jpeg,"Step into style with these eye-catching sneakers featuring a striking combination of orange and blue hues. Designed for both comfort and fashion, these shoes come with flexible soles and cushioned insoles, perfect for active individuals who don't compromise on style. The reflective silver accents add a touch of modernity, making them a standout accessory for your workout or casual wear."
232,Vibrant Pink Classic Sneakers,Shoes,6720,4.0,https://i.imgur.com/mcW42Gi.jpeg,"Step into style with our Vibrant Pink Classic Sneakers! These eye-catching shoes feature a bold pink hue with iconic white detailing, offering a sleek, timeless design. Constructed with durable materials and a comfortable fit, they are perfect for those seeking a pop of color in their everyday footwear. Grab a pair today and add some vibrancy to your step!"
233,Futuristic Silver and Gold High-Top Sneaker,Shoes,5440,4.1,https://i.imgur.com/npLfCGq.jpeg,"Step into the future with this eye-catching high-top sneaker, designed for those who dare to stand out. The sneaker features a sleek silver body with striking gold accents, offering a modern twist on classic footwear. Its high-top design provides support and style, making it the perfect addition to any avant-garde fashion collection. Grab a pair today and elevate your shoe game!"
234,Futuristic Chic High-Heel Boots,Shoes,2880,4.1,https://i.imgur.com/HqYqLnW.jpeg,"Elevate your style with our cutting-edge high-heel boots that blend bold design with avant-garde aesthetics. These boots feature a unique color-block heel, a sleek silhouette, and a versatile light grey finish that pairs easily with any cutting-edge outfit. Crafted for the fashion-forward individual, these boots are sure to make a statement."
235,Elegant Patent Leather Peep-Toe Pumps with Gold-Tone Heel,Shoes,4240,4.5,https://i.imgur.com/AzAY4Ed.jpeg,"Step into sophistication with these chic peep-toe pumps, showcasing a lustrous patent leather finish and an eye-catching gold-tone block heel. The ornate buckle detail adds a touch of glamour, perfect for elevating your evening attire or complementing a polished daytime look."
236,Elegant Purple Leather Loafers,Shoes,1360,4.4,https://i.imgur.com/Au8J9sX.jpeg,"Step into sophistication with our Elegant Purple Leather Loafers, perfect for making a bold statement. Crafted from high-quality leather with a vibrant purple finish, these shoes feature a classic loafer silhouette that's been updated with a contemporary twist. The comfortable slip-on design and durable soles ensure both style and functionality for the modern man."
237,Classic Blue Suede Casual Shoes,Shoes,3120,3.6,https://i.imgur.com/sC0ztOB.jpeg,"Step into comfort with our Classic Blue Suede Casual Shoes, perfect for everyday wear. These shoes feature a stylish blue suede upper, durable rubber soles for superior traction, and classic lace-up fronts for a snug fit. The sleek design pairs well with both jeans and chinos, making them a versatile addition to any wardrobe."
238,Sleek Futuristic Electric Bicycle,Miscellaneous,1760,3.7,https://i.imgur.com/BG8J0Fj.jpg,"This modern electric bicycle combines style and efficiency with its unique design and top-notch performance features. Equipped with a durable frame, enhanced battery life, and integrated tech capabilities, it's perfect for the eco-conscious commuter looking to navigate the city with ease."
239,Sleek All-Terrain Go-Kart,Miscellaneous,2960,3.7,https://i.imgur.com/Ex5x3IU.jpg,"Experience the thrill of outdoor adventures with our Sleek All-Terrain Go-Kart, featuring a durable frame, comfortable racing seat, and robust, large-tread tires perfect for handling a variety of terrains. Designed for fun-seekers of all ages, this go-kart is an ideal choice for backyard racing or exploring local trails."
240,Radiant Citrus Eau de Parfum,Miscellaneous,5840,4.6,https://i.imgur.com/xPDwUb3.jpg,"Indulge in the essence of summer with this vibrant citrus-scented Eau de Parfum. Encased in a sleek glass bottle with a bold orange cap, this fragrance embodies freshness and elegance. Perfect for daily wear, it's an olfactory delight that leaves a lasting, zesty impression."
241,Sleek Olive Green Hardshell Carry-On Luggage,Miscellaneous,3840,4.2,https://i.imgur.com/jVfoZnP.jpg,"Travel in style with our durable hardshell carry-on, perfect for weekend getaways and business trips. This sleek olive green suitcase features smooth gliding wheels for easy airport navigation, a sturdy telescopic handle, and a secure zippered compartment to keep your belongings safe. Its compact size meets most airline overhead bin requirements, ensuring a hassle-free flying experience."
242,Chic Transparent Fashion Handbag,Miscellaneous,4880,4.3,https://i.imgur.com/Lqaqz59.jpg,"Elevate your style with our Chic Transparent Fashion Handbag, perfect for showcasing your essentials with a clear, modern edge. This trendy accessory features durable acrylic construction, luxe gold-tone hardware, and an elegant chain strap. Its compact size ensures you can carry your day-to-day items with ease and sophistication."
243,Trendy Pink-Tinted Sunglasses,Miscellaneous,3040,3.7,https://i.imgur.com/0qQBkxX.jpg,"Step up your style game with these fashionable black-framed, pink-tinted sunglasses. Perfect for making a statement while protecting your eyes from the glare. Their bold color and contemporary design make these shades a must-have accessory for any trendsetter looking to add a pop of color to their ensemble."
244,Elegant Glass Tumbler Set,Miscellaneous,4000,4.5,https://i.imgur.com/TF0pXdL.jpg,"Enhance your drinkware collection with our sophisticated set of glass tumblers, perfect for serving your favorite beverages. This versatile set includes both clear and subtly tinted glasses, lending a modern touch to any table setting. Crafted with quality materials, these durable tumblers are designed to withstand daily use while maintaining their elegant appeal."
245,title-2a140921-f960-4035-8f8f-e5e70787848d,Electronics,74160,4.5,https://placehold.co/600x400?img=11813,desc-b5c7bdb1-95fe-40b1-894b-f8cf4dfdec65
